{
  "anchor": {
    "clip": "clip-001995",
    "frame": 84
  },
  "video": {
    "clip_A": "clip-001995",
    "frames_A": [
      84,
      149
    ],
    "clip_B": "clip-001996",
    "frames_B": [
      0,
      39
    ]
  },
  "intrinsics": {
    "fx": 608.9346,
    "fy": 608.9346,
    "cx": 701.797,
    "cy": 705.7216,
    "W": 1408,
    "H": 1408
  },
  "moge": {
    "a": 0.26358282338294464,
    "b": 0.341836220185801,
    "median_resid_mm": 28.151158123823073,
    "mean_resid_mm": 34.77371582640697,
    "n_anchor_pts": 8398,
    "obj_mask_radius_px_default": 10,
    "track_pix_count": 8398
  },
  "scene": {
    "n_pts": 120000
  },
  "obj": {
    "n_frames": 106,
    "n_pts": 2000,
    "color_source": "anchor_rgb_bilinear_at_2d_track"
  }
}